,campaign_id,qualified_percentage
0,6493,0.0
1,6496,0.0
2,6497,0.0
3,6500,0.0
4,6502,0.0
5,6503,0.0
6,6504,0.0
7,6505,0.0
8,6515,50.0
9,6516,0.0
10,6518,0.0
11,6520,33.33
12,6523,0.0
13,6528,0.0
14,6530,0.0
15,6531,100.0
16,6537,50.0
17,6538,0.0
18,6539,0.0
19,6544,0.0
20,6545,0.0
21,6547,0.0
22,6551,0.0
23,6554,0.0
24,6555,0.0
25,6556,0.0
26,6561,0.0
27,6562,0.0
28,6563,33.33
29,6567,0.0
30,6568,0.0
31,6569,0.0
32,6570,0.0
33,6571,33.33
34,6575,0.0
35,6576,0.0
36,6580,66.67
37,6582,66.67
38,6583,0.0
39,6584,100.0
40,6586,9.09
41,6591,0.0
42,6592,0.0
43,6596,50.0
44,6597,0.0
45,6601,0.0
46,6603,0.0
47,6605,92.0
48,6606,0.0
49,6607,0.0
50,6608,0.0
51,6609,100.0
52,6610,0.0
53,6611,0.0
54,6612,0.0
55,6613,0.0
56,6615,100.0
57,6616,100.0
58,6617,100.0
59,6618,0.0
60,6619,0.0
61,6620,100.0
62,6623,100.0
63,6624,0.0
64,6625,0.0
65,6626,0.0
66,6627,0.0
67,6628,0.0
68,6629,100.0
69,6633,100.0
70,6634,0.0
71,6635,100.0
72,6638,0.0
73,6639,100.0
74,6642,0.0
75,6643,0.0
76,6644,100.0
77,6645,0.0
78,6647,100.0
79,6648,100.0
80,6649,0.0
81,6651,0.0
82,6652,0.0
83,6653,0.0
84,6654,0.0
85,6655,0.0
86,6656,0.0
87,6657,0.0
88,6658,0.0
89,6659,0.0
90,6660,0.0
91,6661,100.0
92,6663,100.0
93,6664,100.0
94,6665,100.0
95,6666,0.0
96,6668,100.0
97,6669,0.0
98,6670,0.0
99,6671,0.0
100,6672,66.67
101,6675,0.0
102,6676,0.0
103,6677,100.0
104,6678,0.0
105,6679,100.0
106,6680,100.0
107,6681,100.0
108,6685,100.0
109,6686,0.0
110,6687,0.0
111,6688,0.0
112,6689,100.0
113,6690,0.0
114,6692,0.0
115,6693,100.0
116,6702,0.0
117,6713,0.0
118,6714,0.0
119,6715,100.0
120,6717,0.0
121,6719,0.0
122,6721,0.0
123,6723,0.0
124,6724,0.0
125,6726,0.0
126,6728,100.0
127,6733,100.0
128,6734,0.0
129,6738,0.0
130,6744,0.0
131,6750,100.0
132,6751,0.0
133,6754,0.0
134,6755,100.0
135,6757,0.0
136,6759,100.0
137,6760,0.0
138,6767,0.0
139,6769,100.0
140,6770,100.0
141,6771,100.0
142,6773,0.0
143,6774,0.0
144,6776,0.0
145,6778,100.0
146,6780,100.0
147,6783,0.0
148,6784,0.0
149,6785,0.0
150,6788,0.0
151,6792,100.0
152,6794,0.0
153,6795,0.0
154,6800,0.0
155,6801,0.0
156,6825,0.0
157,6829,100.0
158,6834,0.0
159,6839,0.0
160,6847,100.0
161,6850,0.0
162,6856,0.0
163,6858,0.0
164,6862,0.0
165,6864,0.0
166,6869,0.0
167,6871,0.0
168,6874,100.0
169,6877,0.0
170,6879,0.0
171,6883,100.0
172,6885,0.0
173,6886,0.0
174,6887,100.0
175,6889,100.0
176,6906,0.0
177,6907,0.0
178,6908,0.0
179,6910,100.0
180,6920,0.0
181,6929,0.0
182,6932,100.0
183,6936,100.0
184,6938,100.0
185,6945,0.0
186,6949,0.0
187,6954,100.0
188,6959,0.0
189,6962,0.0
190,6977,100.0
191,6979,0.0
192,6983,0.0
193,6984,100.0
194,6985,100.0
195,6989,100.0
196,6994,0.0
197,6995,0.0
198,6997,0.0
199,6998,0.0
200,7016,100.0
201,7025,0.0
202,7046,0.0
203,7047,0.0
204,7050,100.0
205,7072,0.0
206,7074,100.0
207,7075,0.0
208,7076,0.0
209,7085,0.0
210,7086,100.0
211,7091,100.0
212,7102,0.0
213,7111,100.0
214,7112,100.0
215,7116,0.0
216,7120,0.0
217,7121,0.0
218,7124,0.0
219,7202,100.0
220,7203,0.0
221,7205,100.0
222,7206,100.0
223,7207,94.44
224,7209,0.0
225,7212,0.0
226,7213,0.0
227,7215,100.0
228,7216,100.0
229,7220,50.0
230,7224,66.67
231,7225,100.0
232,7231,85.71
233,7235,0.0
234,7237,100.0
235,7238,0.0
236,7243,0.0
237,7247,0.0
238,7250,0.0
239,7251,100.0
240,7253,0.0
241,7254,0.0
242,7255,0.0
243,7257,0.0
244,7258,0.0
245,7260,0.0
246,7263,0.0
247,7264,0.0
248,7267,0.0
249,7268,0.0
250,7269,0.0
251,7286,0.0
252,7290,0.0
253,7292,0.0
254,7300,0.0
255,7301,100.0
256,7303,100.0
257,7304,0.0
258,7308,0.0
259,7311,0.0
260,7315,0.0
261,7318,0.0
262,7319,0.0
263,7321,0.0
264,7322,26.09
265,7329,100.0
266,7331,0.0
267,7332,0.0
268,7335,0.0
269,7336,0.0
270,7339,0.0
271,7343,0.0
272,7344,69.23
273,7345,0.0
274,7346,64.71
275,7347,0.0
276,7348,0.0
277,7349,0.0
278,7352,0.0
279,7354,0.0
280,7359,100.0
281,7362,0.0
282,7363,44.44
283,7364,76.92
284,7365,0.0
285,7368,100.0
286,7369,37.5
287,7370,0.0
288,7371,50.0
289,7373,0.0
290,7374,0.0
291,7375,0.0
292,7376,0.0
293,7380,0.0
294,7381,100.0
295,7382,90.91
296,7383,0.0
297,7385,0.0
298,7388,100.0
299,7391,6.67
300,7392,0.0
301,7393,0.0
302,7394,0.0
303,7395,0.0
304,7399,0.0
305,7400,0.0
306,7401,0.0
307,7402,0.0
308,7403,0.0
309,7404,0.0
310,7406,0.0
311,7407,0.0
312,7408,0.0
313,7411,0.0
314,7413,0.0
315,7415,0.0
316,7416,100.0
317,7419,0.0
318,7422,0.0
319,7423,0.0
320,7424,0.0
321,7425,0.0
322,7430,0.0
323,7431,0.0
324,7432,0.0
325,7434,61.9
326,7435,0.0
327,7436,100.0
328,7439,0.0
329,7440,66.67
330,7441,0.0
331,7442,0.0
332,7443,0.0
333,7444,0.0
334,7446,0.0
335,7449,0.0
336,7453,0.0
337,7454,0.0
338,7455,0.0
339,7457,0.0
340,7459,100.0
341,7460,0.0
342,7462,100.0
343,7464,0.0
344,7465,0.0
345,7466,0.0
346,7468,0.0
347,7476,0.0
348,7481,0.0
349,7482,0.0
350,7483,0.0
351,7485,0.0
352,7486,0.0
353,7487,0.0
354,7488,100.0
355,7491,0.0
356,7492,0.0
357,7493,100.0
358,7494,0.0
359,7498,0.0
360,7500,100.0
361,7503,0.0
362,7505,0.0
363,7508,33.33
364,7509,0.0
365,7513,0.0
366,7517,0.0
367,7521,0.0
368,7527,0.0
369,7530,0.0
370,7533,0.0
371,7535,0.0
372,7536,0.0
373,7538,0.0
374,7540,0.0
375,7541,0.0
376,7542,100.0
377,7543,100.0
378,7544,0.0
379,7547,54.55
380,7551,0.0
381,7552,50.0
382,7553,100.0
383,7554,0.0
384,7558,0.0
385,7562,100.0
386,7563,0.0
387,7565,0.0
388,7568,100.0
389,7570,0.0
390,7571,0.0
391,7574,63.64
392,7576,50.0
393,7582,0.0
394,7584,100.0
395,7587,0.0
396,7589,40.0
397,7596,0.0
398,7597,0.0
399,7598,0.0
400,7600,0.0
401,7601,0.0
402,7603,0.0
403,7606,0.0
404,7607,60.0
405,7609,0.0
406,7610,0.0
407,7611,0.0
408,7612,83.33
409,7614,0.0
410,7615,0.0
411,7618,0.0
412,7620,0.0
413,7623,100.0
414,7624,99.0
415,7626,89.35
416,7628,100.0
417,7630,0.0
418,7634,0.0
419,7635,0.0
420,7636,0.0
421,7643,0.0
422,7644,0.0
423,7651,0.0
424,7652,100.0
425,7653,0.0
426,7655,0.0
427,7656,100.0
428,7658,0.0
429,7659,0.0
430,7660,0.0
431,7661,89.13
432,7662,0.0
433,7664,0.0
434,7666,50.0
435,7667,0.0
436,7668,0.0
437,7669,100.0
438,7670,0.0
439,7674,0.0
440,7676,0.0
441,7678,0.0
442,7680,0.0
443,7682,0.0
444,7684,0.0
445,7686,0.0
446,7687,0.0
447,7689,0.0
448,7690,0.0
449,7692,0.0
450,7697,0.0
451,7698,0.0
452,7700,0.0
453,7701,0.0
454,7702,41.18
455,7703,0.0
456,7704,100.0
457,7705,100.0
458,7706,100.0
459,7707,0.0
460,7709,100.0
461,7712,33.33
462,7713,0.0
463,7716,33.33
464,7717,0.0
465,7719,0.0
466,7720,0.0
467,7722,0.0
468,7724,25.0
469,7727,0.0
470,7728,0.0
471,7729,100.0
472,7732,66.67
473,7733,50.0
474,7738,0.0
475,7740,0.0
476,7742,0.0
477,7743,0.0
478,7744,0.0
479,7751,100.0
480,7752,25.0
481,7754,0.0
482,7755,0.0
483,7757,0.0
484,7760,0.0
485,7762,0.0
486,7768,0.0
487,7770,0.0
488,7771,0.0
489,7772,0.0
490,7773,0.0
491,7774,0.0
492,7775,0.0
493,7776,0.0
494,7778,0.0
495,7779,0.0
496,7780,0.0
497,7781,0.0
498,7783,0.0
499,7784,0.0
500,7786,0.0
501,7788,0.0
502,7792,50.0
503,7793,0.0
504,7794,0.0
505,7795,0.0
506,7797,0.0
507,7798,0.0
508,7804,0.0
509,7805,0.0
510,7811,0.0
511,7812,0.0
512,7813,0.0
513,7815,0.0
514,7818,0.0
515,7819,0.0
516,7821,0.0
517,7822,0.0
518,7825,0.0
519,7826,0.0
520,7829,0.0
521,7831,0.0
522,7832,0.0
523,7833,0.0
524,7838,0.0
525,7839,0.0
526,7840,0.0
527,7841,0.0
528,7846,33.33
529,7848,0.0
530,7849,0.0
531,7851,50.0
532,7852,0.0
533,7854,0.0
534,7858,0.0
535,7860,73.47
536,7862,0.0
537,7865,0.0
538,7866,0.0
539,7868,0.0
540,7869,50.0
541,7872,0.0
542,7877,0.0
543,7881,0.0
544,7882,0.0
545,7884,0.0
546,7885,0.0
547,7887,0.0
548,7889,0.0
549,7892,0.0
550,7894,0.0
551,7895,0.0
552,7896,0.0
553,7897,0.0
554,7898,0.0
555,7899,0.0
556,7901,0.0
557,7902,0.0
558,7907,0.0
559,7909,100.0
560,7911,0.0
561,7913,0.0
562,7914,0.0
563,7916,0.0
564,7917,0.0
565,7919,0.0
566,7920,0.0
567,7922,0.0
568,7926,0.0
569,7928,0.0
570,7929,0.0
571,7930,100.0
572,7931,0.0
573,7932,0.0
574,7934,0.0
575,7935,0.0
576,7936,0.0
577,7938,100.0
578,7939,0.0
579,7943,0.0
580,7948,0.0
581,7949,0.0
582,7950,100.0
583,7951,100.0
584,7953,12.77
585,7954,0.0
586,7957,0.0
587,7962,0.0
588,7966,0.0
589,7967,0.0
590,7968,0.0
591,7970,0.0
592,7971,0.0
593,7974,0.0
594,7975,0.0
595,7976,0.0
596,7983,0.0
597,7988,0.0
598,7989,0.0
599,7990,0.0
600,7991,0.0
601,7992,0.0
602,7993,0.0
603,7994,0.0
604,7995,0.0
605,7998,0.0
606,8002,100.0
607,8003,0.0
608,8006,0.0
609,8007,0.0
610,8008,0.0
611,8012,0.0
612,8013,0.0
613,8016,46.67
614,8017,50.0
615,8018,68.42
616,8021,0.0
617,8022,0.0
618,8023,0.0
619,8027,0.0
620,8028,0.0
621,8029,0.0
622,8030,0.0
623,8031,0.0
624,8032,0.0
625,8033,0.0
626,8035,0.0
627,8036,0.0
628,8037,0.0
629,8039,0.0
630,8040,0.0
631,8041,100.0
632,8042,0.0
633,8043,0.0
634,8045,0.0
635,8046,0.0
636,8048,0.0
637,8049,0.0
638,8051,10.0
639,8054,100.0
640,8058,0.0
641,8060,0.0
642,8061,0.0
643,8062,0.0
644,8068,0.0
645,8075,0.0
646,8076,45.0
647,8077,66.67
648,8085,57.14
649,8086,0.0
650,8087,0.0
651,8088,66.67
652,8090,50.0
653,8091,0.0
654,8092,42.86
655,8093,36.36
656,8100,80.0
657,8102,0.0
658,8103,94.12
659,8104,100.0
660,8106,100.0
661,8107,100.0
662,8108,0.0
663,8112,100.0
664,8115,100.0
665,8117,100.0
666,8118,0.0
667,8119,96.97
668,8120,100.0
669,8121,100.0
670,8122,100.0
671,8123,0.0
672,8124,100.0
673,8125,100.0
674,8126,100.0
675,8127,0.0
676,8128,100.0
677,8129,100.0
678,8130,100.0
679,8131,100.0
680,8132,100.0
681,8133,100.0
682,8134,0.0
683,8135,100.0
684,8136,100.0
685,8137,100.0
686,8138,100.0
687,8139,100.0
688,8141,96.67
689,8142,0.0
690,8143,0.0
691,8145,0.0
692,8146,0.0
693,8147,0.0
694,8148,0.0
695,8149,0.0
696,8150,100.0
697,8152,0.0
698,8154,0.0
699,8155,0.0
700,8157,0.0
701,8158,0.0
702,8159,0.0
703,8161,0.0
704,8162,0.0
705,8163,0.0
706,8164,0.0
707,8165,0.0
708,8166,0.0
709,8167,0.0
710,8168,0.0
711,8169,0.0
712,8170,0.0
713,8171,0.0
714,8172,0.0
715,8174,0.0
716,8175,0.0
717,8176,0.0
718,8177,0.0
719,8178,100.0
720,8179,0.0
721,8180,0.0
722,8181,0.0
723,8183,20.0
724,8184,0.0
725,8189,0.0
726,8190,0.0
727,8191,0.0
728,8192,0.0
729,8193,0.0
730,8196,100.0
731,8203,0.0
732,8206,0.0
733,8211,0.0
734,8218,0.0
735,8220,0.0
736,8225,0.0
737,8226,50.0
738,8230,75.0
739,8232,100.0
740,8234,95.45
741,8236,100.0
742,8237,100.0
743,8238,0.0
744,8239,0.0
745,8242,100.0
746,8243,100.0
747,8244,100.0
748,8245,0.0
749,8246,0.0
750,8248,0.0
751,8249,100.0
752,8251,100.0
753,8253,100.0
754,8254,83.33
755,8255,0.0
756,8257,0.0
757,8258,0.0
758,8259,0.0
759,8260,0.0
760,8261,66.67
761,8262,100.0
762,8267,0.0
763,8268,50.0
764,8269,60.0
765,8270,0.0
766,8271,0.0
767,8272,75.0
768,8279,0.0
769,8280,0.0
770,8281,0.0
771,8283,66.67
772,8284,0.0
773,8285,0.0
774,8287,100.0
775,8293,0.0
776,8298,40.0
777,8301,0.0
778,8302,66.67
779,8303,0.0
780,8304,63.64
781,8308,100.0
782,8309,0.0
783,8312,0.0
784,8313,0.0
785,8315,0.0
786,8316,0.0
787,8319,0.0
788,8321,0.0
789,8326,0.0
790,8327,0.0
791,8329,50.0
792,8331,0.0
793,8334,58.82
794,8335,100.0
795,8336,0.0
796,8337,0.0
797,8338,100.0
798,8339,0.0
799,8340,0.0
800,8342,0.0
801,8347,0.0
802,8348,0.0
803,8354,33.33
804,8358,50.0
805,8360,0.0
806,8369,0.0
807,8370,0.0
808,8371,0.0
809,8372,0.0
810,8373,0.0
811,8375,0.0
812,8377,100.0
813,8381,0.0
814,8383,0.0
815,8387,0.0
816,8388,100.0
817,8393,0.0
818,8394,100.0
819,8395,0.0
820,8397,0.0
821,8400,0.0
822,8402,100.0
823,8403,0.0
824,8404,0.0
825,8406,0.0
826,8407,0.0
827,8408,0.0
828,8410,0.0
829,8411,0.0
830,8413,0.0
831,8415,0.0
832,8416,0.0
833,8418,25.0
834,8420,0.0
835,8422,0.0
836,8423,0.0
837,8424,0.0
838,8425,0.0
839,8428,100.0
840,8429,33.33
841,8431,0.0
842,8432,100.0
843,8433,0.0
844,8434,0.0
845,8436,0.0
846,8437,0.0
847,8440,0.0
848,8441,0.0
849,8442,0.0
850,8443,0.0
851,8445,0.0
852,8447,0.0
853,8449,0.0
854,8450,52.38
855,8451,0.0
856,8452,0.0
857,8454,100.0
858,8455,100.0
859,8461,0.0
860,8463,0.0
861,8464,0.0
862,8465,0.0
863,8466,100.0
864,8468,100.0
865,8469,100.0
866,8471,0.0
867,8472,0.0
868,8474,0.0
869,8475,0.0
870,8477,0.0
871,8481,30.0
872,8482,100.0
873,8484,0.0
874,8487,100.0
875,8489,0.0
876,8490,0.0
877,8495,0.0
878,8498,0.0
879,8500,100.0
880,8512,20.0
881,8513,0.0
882,8517,33.33
883,8519,0.0
884,8520,97.37
885,8521,100.0
886,8523,0.0
887,8526,0.0
888,8527,0.0
889,8528,0.0
890,8529,0.0
891,8530,0.0
892,8531,0.0
893,8532,0.0
894,8533,0.0
895,8534,0.0
896,8538,0.0
897,8540,0.0
898,8542,0.0
899,8545,0.0
900,8547,0.0
901,8548,0.0
902,8553,0.0
903,8554,0.0
904,8555,0.0
905,8556,0.0
906,8557,0.0
907,8562,0.0
908,8569,0.0
909,8570,0.0
910,8574,0.0
911,8575,0.0
912,8576,0.0
913,8577,0.0
914,8578,0.0
915,8579,0.0
916,8580,0.0
917,8585,0.0
918,8586,33.33
919,8588,0.0
920,8591,0.0
921,8593,0.0
922,8595,0.0
923,8596,0.0
924,8599,63.64
925,8600,75.0
926,8603,20.0
927,8604,0.0
928,8607,0.0
929,8609,0.0
930,8611,0.0
931,8613,0.0
932,8615,0.0
933,8616,0.0
934,8617,0.0
935,8618,0.0
936,8623,0.0
937,8629,0.0
938,8630,0.0
939,8631,0.0
940,8632,0.0
941,8633,0.0
942,8634,0.0
943,8635,100.0
944,8638,0.0
945,8648,75.0
946,8649,100.0
947,8655,0.0
948,8656,0.0
949,8659,0.0
950,8660,0.0
951,8661,100.0
952,8662,100.0
953,8665,0.0
954,8667,0.0
955,8668,0.0
956,8671,0.0
957,8672,0.0
958,8683,0.0
959,8684,0.0
960,8688,0.0
961,8690,0.0
962,8691,0.0
963,8692,0.0
964,8693,100.0
965,8698,0.0
966,8699,0.0
967,8700,0.0
968,8701,0.0
969,8703,0.0
970,8704,0.0
971,8707,0.0
972,8717,0.0
973,8718,0.0
974,8719,0.0
975,8723,100.0
976,8724,64.29
977,8725,0.0
978,8726,100.0
979,8727,0.0
980,8729,0.0
981,8730,100.0
982,8731,0.0
983,8736,0.0
984,8739,100.0
985,8740,0.0
986,8744,86.96
987,8745,0.0
988,8753,0.0
989,8754,0.0
990,8755,83.33
991,8756,0.0
992,8757,80.0
993,8759,0.0
994,8760,0.0
995,8761,0.0
996,8762,0.0
997,8763,0.0
998,8767,0.0
999,8768,50.0
1000,8770,100.0
1001,8771,0.0
1002,8774,0.0
1003,8783,0.0
1004,8788,0.0
1005,8792,0.0
1006,8795,0.0
1007,8797,0.0
1008,8800,0.0
1009,8801,0.0
1010,8802,0.0
1011,8805,0.0
1012,8807,0.0
1013,8808,0.0
1014,8809,0.0
1015,8810,0.0
1016,8819,80.0
1017,8822,41.38
1018,8823,0.0
1019,8824,48.65
1020,8826,0.0
1021,8827,0.0
1022,8829,0.0
1023,8830,40.0
1024,8832,0.0
1025,8834,0.0
1026,8835,57.14
1027,8836,0.0
1028,8840,50.0
1029,8850,0.0
1030,8851,0.0
1031,8852,0.0
1032,8856,0.0
1033,8857,0.0
1034,8859,0.0
1035,8861,0.0
1036,8862,0.0
1037,8863,100.0
1038,8865,0.0
1039,8867,0.0
1040,8868,0.0
1041,8872,0.0
1042,8874,0.0
1043,8875,0.0
1044,8876,0.0
1045,8877,0.0
1046,8878,100.0
1047,8879,0.0
1048,8882,0.0
1049,8884,0.0
1050,8889,0.0
1051,8890,100.0
1052,8895,0.0
1053,8897,0.0
1054,8898,0.0
1055,8901,0.0
1056,8905,0.0
1057,8906,100.0
1058,8907,100.0
1059,8908,0.0
1060,8909,100.0
1061,8911,0.0
1062,8912,90.0
1063,8914,100.0
1064,8917,66.67
1065,8918,0.0
1066,8919,0.0
1067,8920,100.0
1068,8922,100.0
1069,8923,100.0
1070,8925,0.0
1071,8930,0.0
1072,8931,0.0
1073,8932,0.0
1074,8935,33.33
1075,8939,0.0
1076,8940,0.0
1077,8942,0.0
1078,8943,0.0
1079,8945,0.0
1080,8946,0.0
1081,8947,0.0
1082,8950,0.0
1083,8951,0.0
1084,8952,0.0
1085,8953,0.0
1086,8954,0.0
1087,8960,0.0
1088,8961,0.0
1089,8962,0.0
1090,8963,0.0
1091,8966,0.0
1092,8967,0.0
1093,8968,100.0
1094,8969,0.0
1095,8970,0.0
1096,8971,0.0
1097,8972,0.0
1098,8975,0.0
1099,8976,0.0
1100,8977,0.0
1101,8980,0.0
1102,8985,0.0
1103,8986,0.0
1104,8987,0.0
1105,8988,0.0
1106,8990,0.0
1107,8991,0.0
1108,8992,0.0
1109,8994,0.0
1110,8995,0.0
1111,8996,0.0
1112,8998,0.0
1113,8999,0.0
1114,9003,0.0
1115,9009,0.0
1116,9011,77.14
1117,9013,0.0
1118,9014,0.0
1119,9015,0.0
1120,9016,0.0
1121,9017,0.0
1122,9018,0.0
1123,9021,0.0
1124,9022,0.0
1125,9028,0.0
1126,9029,0.0
1127,9030,0.0
1128,9031,0.0
1129,9032,0.0
1130,9033,0.0
1131,9037,0.0
1132,9039,0.0
1133,9040,0.0
1134,9041,100.0
1135,9049,0.0
1136,9055,0.0
1137,9056,0.0
1138,9057,0.0
1139,9060,0.0
1140,9062,100.0
1141,9065,0.0
1142,9067,0.0
1143,9071,0.0
1144,9073,0.0
1145,9074,0.0
1146,9077,0.0
1147,9079,0.0
1148,9083,0.0
1149,9086,0.0
1150,9087,0.0
1151,9089,100.0
1152,9091,0.0
1153,9092,0.0
1154,9093,0.0
1155,9094,0.0
1156,9097,100.0
1157,9102,0.0
1158,9109,0.0
1159,9110,0.0
1160,9111,0.0
1161,9115,0.0
1162,9117,0.0
1163,9118,0.0
1164,9119,0.0
1165,9120,0.0
1166,9121,0.0
1167,9122,0.0
1168,9127,0.0
1169,9128,0.0
1170,9131,0.0
1171,9132,0.0
1172,9137,0.0
1173,9140,0.0
1174,9143,0.0
1175,9145,0.0
1176,9146,0.0
1177,9148,0.0
1178,9151,0.0
1179,9153,0.0
1180,9155,7.14
1181,9156,0.0
1182,9158,0.0
1183,9159,0.0
1184,9160,10.0
1185,9165,0.0
1186,9166,0.0
1187,9167,0.0
1188,9171,7.14
1189,9173,0.0
1190,9174,0.0
1191,9176,0.0
1192,9178,0.0
1193,9179,0.0
1194,9181,0.0
1195,9183,83.33
1196,9184,0.0
1197,9186,0.0
1198,9187,0.0
1199,9190,66.67
1200,9192,0.0
1201,9193,0.0
1202,9194,0.0
1203,9196,100.0
1204,9197,0.0
1205,9199,100.0
1206,9201,0.0
1207,9204,0.0
1208,9205,0.0
1209,9206,0.0
1210,9210,0.0
1211,9211,0.0
1212,9215,0.0
1213,9218,0.0
1214,9220,25.0
1215,9221,0.0
1216,9222,0.0
1217,9226,0.0
1218,9227,100.0
1219,9230,0.0
1220,9231,0.0
1221,9233,0.0
1222,9235,61.21
1223,9236,0.0
1224,9241,0.0
1225,9242,45.45
1226,9243,0.0
1227,9244,0.0
1228,9245,0.0
1229,9246,51.61
1230,9249,55.17
1231,9251,0.0
1232,9252,0.0
1233,9254,0.0
1234,9255,0.0
1235,9256,0.0
1236,9257,0.0
1237,9258,0.0
1238,9259,0.0
1239,9261,100.0
1240,9264,0.0
1241,9270,0.0
1242,9271,0.0
1243,9273,0.0
1244,9275,13.04
1245,9277,0.0
1246,9278,0.0
1247,9280,0.0
1248,9282,0.0
1249,9284,0.0
1250,9285,0.0
1251,9286,0.0
1252,9287,0.0
1253,9289,0.0
1254,9290,0.0
1255,9291,0.0
1256,9293,0.0
1257,9295,0.0
1258,9296,50.0
1259,9297,33.33
1260,9299,0.0
1261,9300,0.0
1262,9301,0.0
1263,9304,0.0
1264,9305,0.0
1265,9306,0.0
1266,9307,0.0
1267,9308,0.0
1268,9309,0.0
1269,9310,7.69
1270,9312,0.0
1271,9314,0.0
1272,9316,0.0
1273,9317,0.0
1274,9318,0.0
1275,9319,0.0
1276,9321,14.29
1277,9322,0.0
1278,9323,0.0
1279,9324,0.0
1280,9325,0.0
1281,9326,0.0
1282,9329,0.0
1283,9330,0.0
1284,9333,0.0
1285,9336,0.0
1286,9337,0.0
1287,9342,0.0
1288,9344,0.0
1289,9345,0.0
1290,9349,0.0
1291,9353,0.0
1292,9357,0.0
1293,9360,0.0
1294,9363,0.0
1295,9364,0.0
1296,9365,0.0
1297,9368,0.0
1298,9369,0.0
1299,9370,50.0
1300,9372,80.0
1301,9374,0.0
1302,9375,0.0
1303,9377,0.0
1304,9381,0.0
1305,9382,0.0
1306,9383,0.0
1307,9384,0.0
1308,9387,0.0
1309,9389,0.0
1310,9390,100.0
1311,9391,0.0
1312,9392,0.0
1313,9394,0.0
1314,9397,0.0
1315,9399,0.0
1316,9400,0.0
1317,9401,0.0
1318,9402,0.0
1319,9403,0.0
1320,9407,0.0
1321,9408,0.0
1322,9409,0.0
1323,9410,0.0
1324,9411,0.0
1325,9412,0.0
1326,9413,0.0
1327,9418,0.0
1328,9420,0.0
1329,9422,0.0
1330,9424,14.29
1331,9425,0.0
1332,9426,0.0
1333,9427,0.0
1334,9428,0.0
1335,9429,100.0
1336,9431,0.0
1337,9432,0.0
1338,9434,100.0
1339,9436,0.0
1340,9438,0.0
1341,9439,0.0
1342,9441,0.0
1343,9443,0.0
1344,9445,0.0
1345,9448,0.0
1346,9450,0.0
1347,9453,0.0
1348,9455,0.0
1349,9457,0.0
1350,9460,0.0
1351,9462,0.0
1352,9464,0.0
1353,9474,0.0
1354,9476,0.0
1355,9477,0.0
1356,9478,0.0
1357,9479,0.0
1358,9480,0.0
1359,9481,100.0
1360,9483,0.0
1361,9484,37.5
1362,9486,0.0
1363,9487,0.0
1364,9489,0.0
1365,9491,0.0
1366,9494,0.0
1367,9495,0.0
1368,9500,100.0
1369,9501,0.0
1370,9502,0.0
1371,9506,0.0
1372,9508,0.0
1373,9509,0.0
1374,9510,0.0
1375,9513,0.0
1376,9514,0.0
1377,9515,0.0
1378,9516,100.0
1379,9518,0.0
1380,9519,0.0
1381,9521,0.0
1382,9522,0.0
1383,9525,0.0
1384,9529,0.0
1385,9531,0.0
1386,9532,0.0
1387,9534,0.0
1388,9537,0.0
1389,9538,0.0
1390,9540,0.0
1391,9542,0.0
1392,9543,0.0
1393,9547,0.0
1394,9557,0.0
1395,9560,0.0
1396,9561,0.0
1397,9568,0.0
1398,9569,0.0
1399,9570,0.0
1400,9571,0.0
1401,9572,0.0
1402,9575,0.0
1403,9576,0.0
1404,9578,0.0
1405,9579,0.0
1406,9583,0.0
1407,9584,0.0
1408,9585,0.0
1409,9586,0.0
1410,9587,0.0
1411,9589,0.0
1412,9598,0.0
1413,9600,0.0
1414,9601,0.0
1415,9602,0.0
1416,9604,0.0
1417,9607,0.0
1418,9608,0.0
1419,9609,3.57
1420,9610,0.0
1421,9613,0.0
1422,9614,36.36
1423,9621,0.0
1424,9622,100.0
1425,9623,0.0
1426,9629,0.0
1427,9634,100.0
1428,9635,0.0
1429,9636,0.0
1430,9637,0.0
1431,9640,0.0
1432,9642,0.0
1433,9645,0.0
1434,9646,0.0
1435,9647,0.0
1436,9648,0.0
1437,9652,0.0
1438,9653,0.0
1439,9654,0.0
1440,9655,0.0
1441,9656,0.0
1442,9657,0.0
1443,9658,0.0
1444,9659,0.0
1445,9660,62.5
1446,9661,0.0
1447,9662,0.0
1448,9663,0.0
1449,9665,0.0
1450,9666,0.0
1451,9668,0.0
1452,9669,0.0
1453,9670,0.0
1454,9671,0.0
1455,9678,0.0
1456,9679,0.0
1457,9681,0.0
1458,9682,0.0
1459,9683,0.0
1460,9684,0.0
1461,9685,0.0
1462,9686,0.0
1463,9687,0.0
1464,9689,0.0
1465,9690,0.0
1466,9691,0.0
1467,9692,0.0
1468,9694,0.0
1469,9696,0.0
1470,9697,0.0
1471,9699,0.0
1472,9700,100.0
1473,9705,0.0
1474,9706,0.0
1475,9707,0.0
1476,9708,0.0
1477,9709,0.0
1478,9710,0.0
1479,9711,0.0
1480,9712,0.0
1481,9713,0.0
1482,9714,7.14
1483,9719,0.0
1484,9720,100.0
1485,9722,90.91
1486,9723,60.0
1487,9724,100.0
1488,9725,0.0
1489,9729,0.0
1490,9738,0.0
1491,9739,0.0
1492,9745,0.0
1493,9746,0.0
1494,9747,0.0
1495,9754,0.0
1496,9760,66.67
1497,9762,100.0
1498,9763,0.0
1499,9764,71.43
1500,9770,100.0
1501,9771,45.45
1502,9773,38.71
1503,9774,0.0
1504,9776,0.0
1505,9777,0.0
1506,9780,0.0
1507,9783,0.0
1508,9785,0.0
1509,9786,0.0
1510,9787,0.0
1511,9791,0.0
1512,9792,0.0
1513,9796,0.0
1514,9803,0.0
1515,9806,0.0
1516,9807,0.0
1517,9808,0.0
1518,9809,0.0
1519,9810,0.0
1520,9811,0.0
1521,9813,0.0
1522,9814,100.0
1523,9821,0.0
1524,9823,100.0
1525,9824,0.0
1526,9825,0.0
1527,9826,0.0
1528,9827,0.0
1529,9833,0.0
1530,9834,0.0
1531,9842,0.0
1532,9843,0.0
1533,9845,0.0
1534,9849,0.0
1535,9857,0.0
1536,9859,0.0
1537,9860,0.0
1538,9861,0.0
1539,9863,0.0
1540,9865,0.0
1541,9866,0.0
1542,9867,0.0
1543,9870,0.0
1544,9871,25.0
1545,9878,0.0
1546,9880,0.0
1547,9882,0.0
1548,9883,0.0
1549,9884,0.0
1550,9890,0.0
1551,9891,0.0
1552,9892,0.0
1553,9893,0.0
1554,9895,0.0
1555,9896,0.0
1556,9898,0.0
1557,9899,0.0
1558,9902,0.0
1559,9903,0.0
1560,9905,0.0
1561,9910,0.0
1562,9911,0.0
1563,9912,0.0
1564,9913,0.0
1565,9926,0.0
1566,9927,0.0
1567,9929,100.0
1568,9930,0.0
1569,9931,0.0
1570,9933,0.0
1571,9935,0.0
1572,9936,0.0
1573,9937,0.0
1574,9940,0.0
1575,9942,0.0
1576,9943,0.0
1577,9944,0.0
1578,9945,0.0
1579,9946,0.0
1580,9947,0.0
1581,9948,0.0
1582,9959,0.0
1583,9961,0.0
1584,9962,0.0
1585,9965,30.0
1586,9966,0.0
1587,9967,0.0
1588,9970,0.0
1589,9973,0.0
1590,9975,0.0
1591,9976,0.0
1592,9985,0.0
1593,9986,0.0
1594,9989,0.0
1595,9991,0.0
1596,9992,0.0
1597,9993,0.0
1598,10005,0.0
1599,10007,0.0
1600,10009,0.0
1601,10010,0.0
1602,10011,0.0
1603,10012,0.0
1604,10014,0.0
1605,10018,0.0
1606,10022,0.0
1607,10032,0.0
1608,10033,0.0
1609,10040,0.0
1610,10042,100.0
1611,10044,67.96
1612,10046,0.0
1613,10048,0.0
1614,10049,0.0
1615,10050,0.0
1616,10053,33.33
1617,10055,0.0
1618,10057,0.0
1619,10062,0.0
1620,10064,0.0
1621,10066,0.0
1622,10067,0.0
1623,10070,0.0
1624,10074,0.0
1625,10075,0.0
1626,10076,0.0
1627,10078,0.0
1628,10084,0.0
1629,10092,0.0
1630,10093,0.0
1631,10096,0.0
1632,10101,0.0
1633,10102,0.0
1634,10103,0.0
1635,10108,0.0
1636,10113,0.0
1637,10114,0.0
1638,10117,0.0
1639,10118,0.0
1640,10122,0.0
1641,10124,0.0
1642,10128,0.0
1643,10130,0.0
1644,10134,44.44
1645,10138,0.0
1646,10139,0.0
1647,10142,0.0
1648,10143,24.44
1649,10146,0.0
1650,10147,0.0
1651,10148,0.0
1652,10149,0.0
1653,10150,0.0
1654,10151,0.0
1655,10155,0.0
1656,10156,50.0
1657,10164,0.0
1658,10167,100.0
1659,10168,100.0
1660,10171,0.0
1661,10172,100.0
1662,10176,50.0
1663,10181,0.0
1664,10183,0.0
1665,10184,0.0
1666,10185,0.0
1667,10188,0.0
1668,10190,0.0
1669,10192,0.0
1670,10194,0.0
1671,10196,66.67
1672,10200,0.0
1673,10201,0.0
1674,10202,0.0
1675,10205,0.0
1676,10207,0.0
1677,10210,0.0
1678,10211,0.0
1679,10213,0.0
1680,10220,0.0
1681,10222,100.0
1682,10223,100.0
1683,10224,100.0
1684,10225,0.0
1685,10226,100.0
1686,10227,100.0
1687,10232,75.0
1688,10234,0.0
1689,10235,0.0
1690,10236,0.0
1691,10238,0.0
1692,10242,0.0
1693,10248,0.0
1694,10257,0.0
1695,10258,0.0
1696,10259,0.0
1697,10265,0.0
1698,10267,0.0
1699,10269,0.0
1700,10271,0.0
1701,10272,0.0
1702,10273,0.0
1703,10276,0.0
1704,10277,0.0
1705,10280,0.0
1706,10281,0.0
1707,10282,0.0
1708,10283,33.33
1709,10288,0.0
1710,10290,0.0
1711,10292,0.0
1712,10294,0.0
1713,10297,0.0
1714,10305,25.0
1715,10308,0.0
1716,10309,0.0
1717,10310,0.0
1718,10311,0.0
1719,10313,0.0
1720,10314,0.0
1721,10315,0.0
1722,10318,0.0
1723,10319,0.0
1724,10320,0.0
1725,10322,0.0
1726,10326,100.0
1727,10329,0.0
1728,10332,0.0
1729,10336,75.0
1730,10345,0.0
1731,10347,0.0
1732,10349,66.67
1733,10350,0.0
1734,10351,33.33
1735,10353,0.0
1736,10361,0.0
1737,10368,0.0
1738,10369,0.0
1739,10381,0.0
1740,10389,0.0
1741,10390,0.0
1742,10391,0.0
1743,10392,0.0
1744,10393,0.0
1745,10394,100.0
1746,10395,0.0
1747,10396,0.0
1748,10397,0.0
1749,10398,0.0
1750,10401,16.67
1751,10410,0.0
1752,10413,0.0
1753,10416,0.0
1754,10418,0.0
1755,10422,0.0
1756,10426,100.0
1757,10427,0.0
1758,10429,0.0
1759,10433,0.0
1760,10434,0.0
1761,10435,100.0
1762,10436,100.0
1763,10437,0.0
1764,10439,0.0
1765,10452,66.67
1766,10453,100.0
1767,10454,0.0
1768,10457,100.0
1769,10458,100.0
1770,10459,100.0
1771,10461,0.0
1772,10463,96.0
1773,10464,100.0
1774,10471,0.0
1775,10473,0.0
1776,10483,88.89
1777,10484,100.0
1778,10485,0.0
1779,10487,100.0
1780,10488,0.0
1781,10491,0.0
1782,10494,0.0
1783,10496,0.0
1784,10497,0.0
1785,10503,0.0
1786,10511,30.56
1787,10512,0.0
1788,10513,0.0
1789,10514,0.0
1790,10518,0.0
1791,10519,0.0
1792,10520,0.0
1793,10521,0.0
1794,10526,0.0
1795,10527,100.0
1796,10528,0.0
1797,10529,0.0
1798,10532,0.0
1799,10538,100.0
1800,10540,0.0
1801,10541,0.0
1802,10542,31.25
1803,10543,0.0
1804,10545,0.0
1805,10547,0.0
1806,10549,0.0
1807,10550,0.0
1808,10551,100.0
1809,10552,0.0
1810,10553,66.67
1811,10557,100.0
1812,10559,0.0
1813,10560,0.0
1814,10562,0.0
1815,10563,0.0
1816,10567,0.0
1817,10568,0.0
1818,10569,29.63
1819,10571,0.0
1820,10572,0.0
1821,10573,0.0
1822,10578,0.0
1823,10579,0.0
1824,10580,0.0
1825,10586,0.0
1826,10588,0.0
1827,10591,0.0
1828,10592,0.0
1829,10596,0.0
1830,10598,0.0
1831,10599,0.0
1832,10601,0.0
1833,10608,0.0
1834,10612,0.0
1835,10617,0.0
1836,10618,0.0
1837,10620,0.0
1838,10621,0.0
1839,10622,10.0
1840,10624,0.0
1841,10626,0.0
1842,10629,0.0
1843,10632,0.0
1844,10635,0.0
1845,10638,0.0
1846,10639,0.0
1847,10640,0.0
1848,10642,0.0
1849,10643,6.25
1850,10654,0.0
1851,10655,0.0
1852,10657,0.0
1853,10664,0.0
1854,10672,0.0
1855,10674,0.0
1856,10677,0.0
1857,10678,0.0
1858,10681,0.0
1859,10682,0.0
1860,10684,0.0
1861,10695,0.0
1862,10700,0.0
1863,10701,0.0
1864,10703,0.0
1865,10704,0.0
1866,10705,0.0
1867,10708,0.0
1868,10712,0.0
1869,10714,0.0
1870,10715,0.0
1871,10716,0.0
1872,10720,100.0
1873,10721,0.0
1874,10722,100.0
1875,10727,0.0
1876,10728,0.0
1877,10730,0.0
1878,10734,0.0
1879,10738,0.0
1880,10741,0.0
1881,10742,0.0
1882,10743,0.0
1883,10745,0.0
1884,10747,0.0
1885,10751,40.0
1886,10752,0.0
1887,10754,0.0
1888,10758,0.0
1889,10760,0.0
1890,10761,0.0
1891,10762,0.0
1892,10763,0.0
1893,10764,0.0
1894,10767,0.0
1895,10768,0.0
1896,10769,0.0
1897,10770,0.0
1898,10775,0.0
1899,10776,100.0
1900,10777,0.0
1901,10778,0.0
1902,10779,0.0
1903,10781,0.0
1904,10787,29.41
1905,10788,0.0
1906,10794,0.0
1907,10795,0.0
1908,10799,0.0
1909,10800,100.0
1910,10801,0.0
1911,10802,0.0
1912,10804,0.0
1913,10805,0.0
1914,10807,0.0
1915,10812,0.0
1916,10813,0.0
1917,10817,0.0
1918,10818,0.0
1919,10819,0.0
1920,10820,0.0
1921,10821,100.0
1922,10846,0.0
1923,10849,0.0
1924,10865,0.0
1925,10866,0.0
1926,10870,0.0
1927,10871,0.0
1928,10872,0.0
1929,10876,50.0
1930,10877,66.67
1931,10879,0.0
1932,10880,0.0
1933,10881,0.0
1934,10889,0.0
1935,10890,0.0
1936,10893,0.0
1937,10895,0.0
1938,10896,0.0
1939,10897,0.0
1940,10898,0.0
1941,10902,0.0
1942,10904,0.0
1943,10907,0.0
1944,10908,0.0
1945,10909,0.0
1946,10910,0.0
1947,10911,0.0
1948,10913,0.0
1949,10914,0.0
1950,10915,0.0
1951,10916,0.0
1952,10917,0.0
1953,10918,0.0
1954,10920,0.0
1955,10925,0.0
1956,10926,0.0
1957,10927,0.0
1958,10928,0.0
1959,10929,0.0
1960,10930,0.0
1961,10931,0.0
1962,10932,0.0
1963,10933,0.0
1964,10934,0.0
1965,10936,0.0
1966,10938,0.0
1967,10940,0.0
1968,10941,0.0
1969,10944,0.0
1970,10945,0.0
1971,10946,0.0
1972,10947,0.0
1973,10949,0.0
1974,10950,0.0
1975,10953,50.0
1976,10955,0.0
1977,10957,0.0
1978,10960,0.0
1979,10972,0.0
1980,10974,0.0
1981,10976,0.0
1982,10978,0.0
1983,10979,0.0
1984,10982,0.0
1985,10983,0.0
1986,10984,0.0
1987,10985,0.0
1988,10987,100.0
1989,10989,0.0
1990,10990,0.0
1991,10991,0.0
1992,10992,0.0
1993,10993,0.0
1994,10994,0.0
1995,10996,0.0
1996,10997,0.0
1997,10998,0.0
1998,10999,0.0
1999,11000,0.0
2000,11001,0.0
2001,11003,0.0
2002,11004,0.0
2003,11005,0.0
2004,11007,0.0
2005,11008,0.0
2006,11009,0.0
2007,11011,20.0
2008,11015,0.0
2009,11021,0.0
2010,11022,33.33
2011,11026,22.22
2012,11027,0.0
2013,11028,0.0
2014,11029,0.0
2015,11030,0.0
2016,11031,0.0
2017,11038,0.0
2018,11046,0.0
2019,11047,0.0
2020,11048,0.0
2021,11050,0.0
2022,11053,0.0
2023,11055,0.0
2024,11056,0.0
2025,11057,0.0
2026,11060,0.0
2027,11062,0.0
2028,11064,0.0
2029,11066,0.0
2030,11067,0.0
2031,11069,0.0
2032,11070,0.0
2033,11071,0.0
2034,11073,0.0
2035,11075,0.0
2036,11077,0.0
2037,11078,0.0
2038,11080,0.0
2039,11083,0.0
2040,11085,0.0
2041,11086,0.0
2042,11088,62.5
2043,11089,0.0
2044,11096,0.0
2045,11098,0.0
2046,11102,0.0
2047,11104,0.0
2048,11105,0.0
2049,11107,0.0
2050,11110,0.0
2051,11113,100.0
2052,11115,33.33
2053,11116,0.0
2054,11118,0.0
2055,11119,0.0
2056,11124,0.0
2057,11125,0.0
2058,11126,0.0
2059,11128,0.0
2060,11129,0.0
2061,11132,0.0
2062,11134,0.0
2063,11135,0.0
2064,11137,0.0
2065,11138,0.0
2066,11145,0.0
2067,11148,0.0
2068,11149,0.0
2069,11150,0.0
2070,11151,0.0
2071,11155,0.0
2072,11156,0.0
2073,11157,0.0
2074,11159,0.0
2075,11162,0.0
2076,11163,0.0
2077,11166,100.0
2078,11167,0.0
2079,11168,0.0
2080,11173,0.0
2081,11174,0.0
2082,11175,0.0
2083,11176,0.0
2084,11178,0.0
2085,11179,0.0
2086,11184,0.0
2087,11185,0.0
2088,11186,0.0
2089,11188,0.0
2090,11189,0.0
2091,11192,0.0
2092,11193,0.0
2093,11194,0.0
2094,11195,0.0
2095,11196,0.0
2096,11198,0.0
2097,11199,0.0
2098,11201,0.0
2099,11202,0.0
2100,11206,0.0
2101,11208,0.0
2102,11209,50.0
2103,11210,0.0
2104,11211,0.0
2105,11218,22.22
2106,11220,0.0
2107,11221,0.0
2108,11222,0.0
2109,11223,0.0
2110,11224,0.0
2111,11225,0.0
2112,11229,0.0
2113,11231,0.0
2114,11232,0.0
2115,11234,0.0
2116,11235,0.0
2117,11238,0.0
2118,11239,0.0
2119,11240,0.0
2120,11241,34.78
2121,11242,37.5
2122,11243,70.0
2123,11246,0.0
2124,11247,0.0
2125,11248,0.0
2126,11249,0.0
2127,11250,0.0
2128,11252,0.0
2129,11254,0.0
2130,11256,0.0
2131,11259,0.0
2132,11260,0.0
2133,11262,0.0
2134,11263,0.0
2135,11264,0.0
2136,11265,0.0
2137,11266,0.0
2138,11270,0.0
2139,11271,0.0
2140,11274,0.0
2141,11276,0.0
2142,11278,66.67
2143,11279,0.0
2144,11281,0.0
2145,11282,0.0
2146,11283,0.0
2147,11284,0.0
2148,11286,0.0
2149,11291,47.06
2150,11295,0.0
2151,11296,0.0
2152,11297,0.0
2153,11298,0.0
2154,11302,0.0
2155,11303,0.0
2156,11304,0.0
2157,11306,0.0
2158,11307,0.0
2159,11308,100.0
2160,11309,0.0
2161,11311,0.0
2162,11313,0.0
2163,11317,0.0
2164,11318,0.0
2165,11324,0.0
2166,11325,0.0
2167,11326,0.0
2168,11327,0.0
2169,11328,0.0
2170,11331,0.0
2171,11336,71.43
2172,11337,0.0
2173,11340,60.78
2174,11341,0.0
2175,11342,0.0
2176,11343,0.0
2177,11344,0.0
2178,11347,100.0
2179,11350,0.0
2180,11351,0.0
2181,11352,0.0
2182,11353,0.0
2183,11354,0.0
2184,11356,0.0
2185,11357,0.0
2186,11359,0.0
2187,11361,0.0
2188,11363,0.0
2189,11364,0.0
2190,11366,0.0
2191,11367,0.0
2192,11369,0.0
2193,11370,0.0
2194,11371,0.0
2195,11372,66.67
2196,11374,100.0
2197,11375,0.0
2198,11376,0.0
2199,11377,0.0
2200,11378,0.0
2201,11382,0.0
2202,11383,0.0
2203,11385,0.0
2204,11386,0.0
2205,11387,0.0
2206,11392,0.0
2207,11393,0.0
2208,11395,0.0
2209,11400,0.0
2210,11402,0.0
2211,11404,26.32
2212,11409,0.0
2213,11410,0.0
2214,11418,0.0
2215,11419,0.0
2216,11421,0.0
2217,11422,0.0
2218,11423,0.0
2219,11424,0.0
2220,11425,0.0
2221,11426,0.0
2222,11427,77.78
2223,11428,87.5
2224,11429,0.0
2225,11431,55.56
2226,11432,0.0
2227,11433,12.5
2228,11435,0.0
2229,11436,0.0
2230,11437,42.86
2231,11438,0.0
2232,11439,0.0
2233,11440,0.0
2234,11442,0.0
2235,11443,0.0
2236,11446,50.0
2237,11447,0.0
2238,11449,0.0
2239,11451,71.93
2240,11453,0.0
2241,11454,0.0
2242,11456,0.0
2243,11465,0.0
2244,11467,0.0
2245,11471,0.0
2246,11472,28.57
2247,11473,80.0
2248,11475,0.0
2249,11478,63.46
2250,11480,64.18
2251,11485,0.0
2252,11486,0.0
2253,11487,0.0
2254,11488,0.0
2255,11489,0.0
2256,11490,0.0
2257,11494,0.0
2258,11495,0.0
2259,11496,0.0
2260,11498,0.0
2261,11499,25.0
2262,11506,0.0
2263,11511,0.0
2264,11513,0.0
2265,11514,0.0
2266,11517,0.0
2267,11518,0.0
2268,11519,0.0
2269,11521,0.0
2270,11522,0.0
2271,11523,0.0
2272,11524,0.0
2273,11528,0.0
2274,11529,0.0
2275,11533,0.0
2276,11535,0.0
2277,11538,0.0
2278,11541,0.0
2279,11542,0.0
2280,11545,0.0
2281,11546,0.0
2282,11548,0.0
2283,11549,0.0
2284,11551,0.0
2285,11552,0.0
2286,11553,0.0
2287,11554,0.0
2288,11557,0.0
2289,11563,0.0
2290,11564,0.0
2291,11565,0.0
2292,11566,0.0
2293,11569,0.0
2294,11570,14.29
2295,11573,0.0
2296,11575,0.0
2297,11576,0.0
2298,11577,0.0
2299,11580,13.33
2300,11581,0.0
2301,11582,0.0
2302,11585,0.0
2303,11588,0.0
2304,11589,0.0
2305,11590,0.0
2306,11591,0.0
2307,11592,0.0
2308,11593,0.0
2309,11594,0.0
2310,11595,0.0
2311,11596,0.0
2312,11597,0.0
2313,11598,0.0
2314,11599,0.0
2315,11600,0.0
2316,11602,0.0
2317,11603,0.0
2318,11605,0.0
2319,11606,0.0
2320,11607,0.0
2321,11608,0.0
2322,11611,0.0
2323,11612,0.0
2324,11615,33.33
2325,11623,0.0
2326,11627,77.78
2327,11628,0.0
2328,11629,100.0
2329,11631,0.0
2330,11634,0.0
2331,11638,0.0
2332,11642,0.0
2333,11643,0.0
2334,11644,0.0
2335,11645,0.0
2336,11646,0.0
2337,11647,0.0
2338,11648,0.0
2339,11649,0.0
2340,11652,0.0
2341,11653,0.0
2342,11655,0.0
2343,11656,0.0
2344,11657,0.0
2345,11659,0.0
2346,11660,0.0
2347,11662,0.0
2348,11664,100.0
2349,11666,0.0
2350,11667,0.0
2351,11668,70.0
2352,11669,100.0
2353,11670,78.57
2354,11672,0.0
2355,11674,0.0
2356,11675,0.0
2357,11677,0.0
2358,11678,0.0
2359,11679,0.0
2360,11683,0.0
2361,11692,0.0
2362,11693,0.0
2363,11695,0.0
2364,11697,0.0
2365,11699,0.0
2366,11704,0.0
2367,11710,0.0
2368,11712,25.0
2369,11713,0.0
2370,11715,0.0
2371,11724,0.0
2372,11727,0.0
2373,11729,0.0
2374,11730,0.0
2375,11732,0.0
2376,11738,100.0
2377,11740,0.0
2378,11741,20.0
2379,11746,0.0
2380,11747,0.0
2381,11748,0.0
2382,11750,0.0
2383,11751,0.0
2384,11752,0.0
2385,11756,0.0
2386,11762,0.0
2387,11763,50.0
2388,11764,0.0
2389,11766,40.0
2390,11767,0.0
2391,11770,0.0
2392,11771,50.0
2393,11772,50.0
2394,11775,0.0
2395,11777,0.0
2396,11779,0.0
2397,11780,40.0
2398,11781,0.0
2399,11784,0.0
2400,11785,0.0
2401,11786,0.0
2402,11787,0.0
2403,11789,0.0
2404,11790,0.0
2405,11792,0.0
2406,11793,0.0
2407,11794,0.0
2408,11795,100.0
2409,11796,100.0
2410,11798,100.0
2411,11799,0.0
2412,11801,0.0
2413,11802,0.0
2414,11804,0.0
2415,11805,0.0
2416,11807,0.0
2417,11809,0.0
2418,11810,100.0
2419,11811,0.0
2420,11815,0.0
2421,11818,0.0
2422,11825,0.0
2423,11826,100.0
2424,11831,0.0
2425,11836,100.0
2426,11837,100.0
2427,11838,100.0
2428,11839,94.25
2429,11840,99.19
2430,11844,0.0
2431,11847,0.0
2432,11848,0.0
2433,11852,0.0
2434,11853,0.0
2435,11854,100.0
2436,11856,0.0
2437,11859,0.0
2438,11860,0.0
2439,11862,98.28
2440,11866,0.0
2441,11870,100.0
2442,11871,0.0
2443,11872,0.0
2444,11874,0.0
2445,11878,100.0
2446,11880,0.0
2447,11883,0.0
2448,11884,100.0
2449,11886,100.0
2450,11887,0.0
2451,11888,0.0
2452,11894,0.0
2453,11897,60.0
2454,11902,0.0
2455,11903,0.0
2456,11905,0.0
2457,11906,12.9
2458,11907,0.0
2459,11908,0.0
2460,11911,0.0
2461,11913,0.0
2462,11915,0.0
2463,11917,0.0
2464,11919,0.0
2465,11920,0.0
2466,11922,0.0
2467,11923,0.0
2468,11924,0.0
2469,11927,33.33
2470,11928,100.0
2471,11934,0.0
2472,11935,50.0
2473,11939,0.0
2474,11940,0.0
2475,11941,0.0
2476,11945,0.0
2477,11946,0.0
2478,11947,0.0
2479,11949,0.0
2480,11951,0.0
2481,11953,0.0
2482,11954,0.0
2483,11955,100.0
2484,11960,100.0
2485,11961,0.0
2486,11962,0.0
2487,11969,0.0
2488,11972,0.0
2489,11973,0.0
2490,11974,0.0
2491,11978,0.0
2492,11979,0.0
2493,11980,0.0
2494,11987,0.0
2495,11989,0.0
2496,11990,0.0
2497,11991,50.0
2498,11994,0.0
2499,12000,0.0
2500,12001,0.0
2501,12002,0.0
2502,12005,0.0
2503,12006,0.0
2504,12007,0.0
2505,12008,0.0
2506,12009,0.0
2507,12012,0.0
2508,12018,100.0
2509,12021,0.0
2510,12022,100.0
2511,12023,0.0
2512,12024,60.0
2513,12026,0.0
2514,12027,26.67
2515,12029,0.0
2516,12034,50.0
2517,12036,0.0
2518,12038,0.0
2519,12040,0.0
2520,12041,0.0
2521,12043,0.0
2522,12044,0.0
2523,12045,0.0
2524,12046,0.0
2525,12047,0.0
2526,12049,0.0
2527,12051,0.0
2528,12053,0.0
2529,12054,0.0
2530,12056,0.0
2531,12057,0.0
2532,12058,0.0
2533,12062,0.0
2534,12063,0.0
2535,12064,0.0
2536,12066,0.0
2537,12070,0.0
2538,12071,0.0
2539,12077,0.0
2540,12079,100.0
2541,12085,0.0
2542,12086,0.0
2543,12087,0.0
2544,12088,0.0
2545,12089,0.0
2546,12091,50.0
2547,12093,0.0
2548,12094,0.0
2549,12096,0.0
2550,12097,0.0
2551,12098,0.0
2552,12100,87.5
2553,12101,100.0
2554,12102,0.0
2555,12105,40.0
2556,12106,100.0
2557,12110,0.0
2558,12111,100.0
2559,12112,0.0
2560,12113,100.0
2561,12114,100.0
2562,12115,83.33
2563,12116,100.0
2564,12123,0.0
2565,12126,0.0
2566,12131,100.0
2567,12132,87.5
2568,12133,0.0
2569,12134,0.0
2570,12139,100.0
2571,12142,100.0
2572,12143,25.0
2573,12144,33.33
2574,12145,33.33
2575,12146,57.14
2576,12148,0.0
2577,12149,0.0
2578,12152,100.0
2579,12154,0.0
2580,12155,0.0
2581,12156,0.0
2582,12157,0.0
2583,12158,0.0
2584,12160,0.0
2585,12161,0.0
2586,12163,0.0
2587,12164,0.0
2588,12165,0.0
2589,12166,0.0
2590,12167,0.0
2591,12168,0.0
2592,12169,0.0
2593,12171,0.0
2594,12172,0.0
2595,12173,0.0
2596,12174,0.0
2597,12175,0.0
2598,12176,0.0
2599,12183,0.0
2600,12184,0.0
2601,12185,0.0
2602,12186,0.0
2603,12188,0.0
2604,12191,0.0
2605,12192,0.0
2606,12194,0.0
2607,12196,0.0
2608,12198,0.0
2609,12202,0.0
2610,12203,0.0
2611,12207,100.0
2612,12208,0.0
2613,12213,0.0
2614,12214,50.0
2615,12217,0.0
2616,12218,100.0
2617,12219,0.0
2618,12221,0.0
2619,12223,100.0
2620,12226,0.0
2621,12228,0.0
2622,12230,0.0
2623,12234,0.0
2624,12235,0.0
2625,12236,0.0
2626,12237,0.0
2627,12238,0.0
2628,12239,0.0
2629,12241,0.0
2630,12242,0.0
2631,12244,0.0
2632,12245,0.0
2633,12246,0.0
2634,12248,0.0
2635,12252,0.0
2636,12254,0.0
2637,12255,0.0
2638,12256,100.0
2639,12257,100.0
2640,12258,0.0
2641,12259,0.0
2642,12260,0.0
2643,12262,0.0
2644,12265,55.56
2645,12266,66.67
2646,12268,0.0
2647,12269,100.0
2648,12270,0.0
2649,12271,0.0
2650,12274,0.0
2651,12276,0.0
2652,12280,0.0
2653,12281,0.0
2654,12282,0.0
2655,12285,0.0
2656,12287,0.0
2657,12291,0.0
2658,12295,0.0
2659,12296,0.0
2660,12301,100.0
2661,12302,0.0
2662,12303,0.0
2663,12304,0.0
2664,12308,100.0
2665,12309,0.0
2666,12314,50.0
2667,12318,0.0
2668,12320,0.0
2669,12325,0.0
2670,12328,0.0
2671,12329,0.0
2672,12331,100.0
2673,12332,50.0
2674,12334,100.0
2675,12337,100.0
2676,12340,0.0
2677,12341,0.0
2678,12345,0.0
2679,12346,0.0
2680,12347,0.0
2681,12348,0.0
2682,12354,0.0
2683,12360,0.0
2684,12364,0.0
2685,12365,0.0
2686,12366,100.0
2687,12368,100.0
2688,12370,0.0
2689,12373,0.0
2690,12376,0.0
2691,12378,0.0
2692,12379,0.0
2693,12380,0.0
2694,12381,0.0
2695,12382,100.0
2696,12384,0.0
2697,12385,0.0
2698,12388,0.0
2699,12389,0.0
2700,12391,0.0
2701,12392,0.0
2702,12393,0.0
2703,12395,0.0
2704,12398,0.0
2705,12405,100.0
2706,12406,0.0
2707,12407,0.0
2708,12409,0.0
2709,12415,14.29
2710,12419,0.0
2711,12421,0.0
2712,12423,0.0
2713,12424,0.0
2714,12425,0.0
2715,12427,75.0
2716,12428,0.0
2717,12429,0.0
2718,12430,0.0
2719,12432,0.0
2720,12434,0.0
2721,12436,0.0
2722,12442,0.0
2723,12448,0.0
2724,12453,0.0
2725,12455,0.0
2726,12457,0.0
2727,12459,0.0
2728,12460,0.0
2729,12466,0.0
2730,12470,0.0
2731,12475,100.0
2732,12477,0.0
2733,12479,0.0
2734,12480,0.0
2735,12482,0.0
2736,12485,0.0
2737,12489,0.0
2738,12492,0.0
2739,12494,0.0
2740,12500,0.0
2741,12504,0.0
2742,12505,0.0
2743,12507,0.0
2744,12510,0.0
2745,12512,0.0
2746,12514,0.0
2747,12515,0.0
2748,12517,0.0
2749,12518,0.0
2750,12523,0.0
2751,12526,100.0
2752,12528,0.0
2753,12529,0.0
2754,12531,0.0
2755,12532,0.0
2756,12535,0.0
2757,12536,0.0
2758,12537,0.0
2759,12538,0.0
2760,12540,0.0
2761,12543,0.0
2762,12544,0.0
2763,12545,0.0
2764,12549,0.0
2765,12550,0.0
2766,12551,0.0
2767,12554,0.0
2768,12558,0.0
2769,12560,0.0
2770,12563,0.0
2771,12565,0.0
2772,12572,0.0
2773,12574,0.0
2774,12577,0.0
2775,12580,0.0
2776,12581,0.0
2777,12582,0.0
2778,12588,0.0
2779,12589,0.0
2780,12590,0.0
2781,12591,0.0
2782,12594,0.0
2783,12596,100.0
2784,12598,0.0
2785,12600,0.0
2786,12601,0.0
2787,12603,91.67
2788,12604,96.97
2789,12605,0.0
2790,12606,100.0
2791,12610,0.0
2792,12611,66.67
2793,12620,0.0
2794,12621,0.0
2795,12623,0.0
2796,12625,0.0
2797,12629,0.0
2798,12631,0.0
2799,12632,0.0
2800,12633,0.0
2801,12634,0.0
2802,12637,0.0
2803,12638,100.0
2804,12639,0.0
2805,12640,100.0
2806,12641,0.0
2807,12644,0.0
2808,12646,0.0
2809,12647,0.0
2810,12648,0.0
2811,12653,0.0
2812,12655,0.0
2813,12656,0.0
2814,12657,0.0
2815,12658,0.0
2816,12659,0.0
2817,12662,0.0
2818,12663,0.0
2819,12664,0.0
2820,12665,50.0
2821,12669,0.0
2822,12670,0.0
2823,12671,0.0
2824,12674,0.0
2825,12675,0.0
2826,12676,0.0
2827,12677,0.0
2828,12678,0.0
2829,12679,0.0
2830,12680,0.0
2831,12681,0.0
2832,12683,0.0
2833,12684,100.0
2834,12685,0.0
2835,12686,0.0
2836,12687,0.0
2837,12693,0.0
2838,12695,0.0
2839,12697,0.0
2840,12698,0.0
2841,12699,0.0
2842,12700,0.0
2843,12704,0.0
2844,12705,0.0
2845,12706,57.14
2846,12707,0.0
2847,12708,0.0
2848,12709,83.33
2849,12710,100.0
2850,12717,0.0
2851,12718,0.0
2852,12719,0.0
2853,12720,0.0
2854,12722,0.0
2855,12723,50.0
2856,12727,0.0
2857,12730,0.0
2858,12733,100.0
2859,12739,0.0
2860,12740,0.0
2861,12741,0.0
2862,12744,100.0
2863,12751,0.0
2864,12754,0.0
2865,12755,69.7
2866,12757,0.0
2867,12758,0.0
2868,12761,50.0
2869,12763,66.92
2870,12765,0.0
2871,12766,0.0
2872,12770,0.0
2873,12773,0.0
2874,12778,0.0
2875,12779,0.0
2876,12783,0.0
2877,12784,0.0
2878,12786,0.0
2879,12787,0.0
2880,12789,0.0
2881,12793,0.0
2882,12794,0.0
2883,12796,0.0
2884,12802,0.0
2885,12803,0.0
2886,12804,0.0
2887,12805,0.0
2888,12806,100.0
2889,12807,100.0
2890,12817,0.0
2891,12818,0.0
2892,12825,0.0
2893,12826,0.0
2894,12827,0.0
2895,12831,0.0
2896,12832,0.0
2897,12833,0.0
2898,12834,0.0
2899,12835,0.0
2900,12843,0.0
2901,12845,85.71
2902,12848,0.0
2903,12850,0.0
2904,12851,0.0
2905,12856,0.0
2906,12859,0.0
2907,12860,0.0
2908,12861,0.0
2909,12862,0.0
2910,12863,0.0
2911,12864,0.0
2912,12866,0.0
2913,12869,0.0
2914,12870,0.0
2915,12872,0.0
2916,12873,0.0
2917,12876,0.0
2918,12878,0.0
2919,12879,0.0
2920,12880,0.0
2921,12885,0.0
2922,12892,0.0
2923,12893,0.0
2924,12897,0.0
2925,12898,0.0
2926,12900,0.0
2927,12905,0.0
2928,12906,0.0
2929,12907,0.0
2930,12908,0.0
2931,12909,0.0
2932,12910,0.0
2933,12913,0.0
2934,12915,0.0
2935,12919,0.0
2936,12920,0.0
2937,12922,0.0
2938,12923,100.0
2939,12924,100.0
2940,12928,0.0
2941,12930,0.0
2942,12938,0.0
2943,12940,0.0
2944,12944,0.0
2945,12945,0.0
2946,12955,0.0
2947,12957,0.0
2948,12959,0.0
2949,12962,0.0
2950,12965,0.0
2951,12972,0.0
2952,12973,0.0
2953,12974,0.0
2954,12975,0.0
2955,12977,0.0
2956,12978,0.0
2957,12979,0.0
2958,12985,0.0
2959,12986,0.0
2960,12991,0.0
2961,12994,0.0
2962,12998,100.0
2963,13012,0.0
2964,13014,0.0
2965,13016,0.0
2966,13017,100.0
2967,13018,0.0
2968,13019,0.0
2969,13020,0.0
2970,13024,0.0
2971,13026,0.0
2972,13027,0.0
2973,13028,33.33
2974,13029,0.0
2975,13039,0.0
2976,13040,0.0
2977,13046,0.0
2978,13048,0.0
2979,13050,0.0
2980,13051,0.0
2981,13052,0.0
2982,13053,0.0
2983,13054,100.0
2984,13055,0.0
2985,13056,0.0
2986,13058,0.0
2987,13061,0.0
2988,13064,0.0
2989,13065,0.0
2990,13066,0.0
2991,13067,0.0
2992,13068,0.0
2993,13070,0.0
2994,13071,0.0
2995,13072,0.0
2996,13074,0.0
2997,13075,0.0
2998,13076,0.0
2999,13077,0.0
3000,13079,33.33
3001,13082,0.0
3002,13083,0.0
3003,13084,0.0
3004,13085,0.0
3005,13086,0.0
3006,13087,0.0
3007,13088,0.0
3008,13089,0.0
3009,13091,0.0
3010,13093,0.0
3011,13096,0.0
3012,13097,0.0
3013,13099,0.0
3014,13100,0.0
3015,13106,0.0
3016,13107,0.0
3017,13110,0.0
3018,13113,0.0
3019,13115,0.0
3020,13120,0.0
3021,13122,0.0
3022,13123,0.0
3023,13124,0.0
3024,13125,0.0
3025,13126,0.0
3026,13127,0.0
3027,13134,0.0
3028,13136,100.0
3029,13137,0.0
3030,13139,0.0
3031,13140,0.0
3032,13141,100.0
3033,13142,0.0
3034,13143,0.0
3035,13145,0.0
3036,13147,0.0
3037,13149,0.0
3038,13152,0.0
3039,13161,0.0
3040,13168,0.0
3041,13170,0.0
3042,13173,0.0
3043,13174,0.0
3044,13175,0.0
3045,13181,0.0
3046,13183,0.0
3047,13184,0.0
3048,13186,100.0
3049,13189,0.0
3050,13191,0.0
3051,13195,0.0
3052,13196,60.0
3053,13198,0.0
3054,13200,0.0
3055,13201,0.0
3056,13203,0.0
3057,13204,0.0
3058,13205,0.0
3059,13206,0.0
3060,13207,0.0
3061,13208,0.0
3062,13210,0.0
3063,13212,0.0
3064,13214,0.0
3065,13216,0.0
3066,13217,0.0
3067,13218,0.0
3068,13220,0.0
3069,13221,0.0
3070,13226,0.0
3071,13232,0.0
3072,13235,0.0
3073,13236,100.0
3074,13237,100.0
3075,13242,0.0
3076,13243,0.0
3077,13249,0.0
3078,13250,0.0
3079,13257,0.0
3080,13258,0.0
3081,13264,0.0
3082,13268,57.14
3083,13269,50.0
3084,13274,0.0
3085,13275,0.0
3086,13276,0.0
3087,13279,0.0
3088,13280,0.0
3089,13281,0.0
3090,13287,0.0
3091,13288,0.0
3092,13290,0.0
3093,13291,0.0
3094,13292,0.0
3095,13296,0.0
3096,13298,0.0
3097,13299,0.0
3098,13300,0.0
3099,13301,0.0
3100,13302,0.0
3101,13304,0.0
3102,13306,0.0
3103,13307,0.0
3104,13308,0.0
3105,13310,0.0
3106,13311,0.0
3107,13312,0.0
3108,13315,0.0
3109,13318,0.0
3110,13320,0.0
3111,13321,0.0
3112,13322,0.0
3113,13328,0.0
3114,13334,0.0
3115,13336,0.0
3116,13339,0.0
3117,13343,0.0
3118,13344,0.0
3119,13351,0.0
3120,13354,0.0
3121,13355,0.0
3122,13357,0.0
3123,13358,0.0
3124,13360,0.0
3125,13361,0.0
3126,13362,0.0
3127,13365,0.0
3128,13366,0.0
3129,13369,0.0
3130,13371,0.0
3131,13376,0.0
3132,13381,0.0
3133,13383,0.0
3134,13386,0.0
3135,13389,0.0
3136,13390,0.0
3137,13394,0.0
3138,13395,0.0
3139,13396,0.0
3140,13397,0.0
3141,13399,0.0
3142,13401,0.0
3143,13403,0.0
3144,13405,0.0
3145,13407,0.0
3146,13409,0.0
3147,13411,0.0
3148,13414,0.0
3149,13416,0.0
3150,13417,0.0
3151,13419,0.0
3152,13421,0.0
3153,13422,0.0
3154,13424,0.0
3155,13425,0.0
3156,13426,0.0
3157,13427,0.0
3158,13429,0.0
3159,13430,0.0
3160,13436,0.0
3161,13438,0.0
3162,13445,0.0
3163,13448,30.0
3164,13449,0.0
3165,13450,50.0
3166,13454,0.0
3167,13456,0.0
3168,13457,0.0
3169,13458,0.0
3170,13463,0.0
3171,13466,0.0
3172,13467,0.0
3173,13479,0.0
3174,13481,0.0
3175,13483,0.0
3176,13484,33.33
3177,13485,29.73
3178,13487,5.0
3179,13488,7.41
3180,13489,25.71
3181,13490,12.5
3182,13495,0.0
3183,13497,0.0
3184,13499,0.0
3185,13506,0.0
3186,13507,0.0
3187,13512,0.0
3188,13513,0.0
3189,13514,0.0
3190,13516,0.0
3191,13517,0.0
3192,13518,0.0
3193,13520,50.0
3194,13521,0.0
3195,13522,33.33
3196,13523,0.0
3197,13524,100.0
3198,13525,100.0
3199,13528,0.0
3200,13529,0.0
3201,13530,0.0
3202,13532,0.0
3203,13537,0.0
3204,13538,0.0
3205,13540,0.0
3206,13541,0.0
3207,13543,0.0
3208,13544,100.0
3209,13545,0.0
3210,13546,0.0
3211,13547,92.31
3212,13554,100.0
3213,13556,0.0
3214,13558,0.0
3215,13559,0.0
3216,13562,0.0
3217,13573,0.0
3218,13575,0.0
3219,13576,0.0
3220,13578,0.0
3221,13583,0.0
3222,13584,0.0
3223,13586,0.0
3224,13589,0.0
3225,13592,0.0
3226,13594,0.0
3227,13597,0.0
3228,13600,0.0
3229,13601,0.0
3230,13602,0.0
3231,13603,0.0
3232,13605,0.0
3233,13606,50.0
3234,13608,0.0
3235,13609,42.59
3236,13610,0.0
3237,13614,0.0
3238,13615,0.0
3239,13616,0.0
3240,13619,0.0
3241,13620,0.0
3242,13622,0.0
3243,13623,0.0
3244,13625,0.0
3245,13627,0.0
3246,13628,0.0
3247,13629,37.5
3248,13632,0.0
3249,13634,72.73
3250,13635,53.85
3251,13639,0.0
3252,13640,0.0
3253,13641,0.0
3254,13642,0.0
3255,13645,0.0
3256,13647,0.0
3257,13648,0.0
3258,13650,0.0
3259,13651,0.0
3260,13653,0.0
3261,13654,0.0
3262,13660,0.0
3263,13662,0.0
3264,13664,0.0
3265,13665,0.0
3266,13666,0.0
3267,13667,0.0
3268,13668,0.0
3269,13669,0.0
3270,13674,0.0
3271,13683,0.0
3272,13684,0.0
3273,13686,0.0
3274,13687,0.0
3275,13692,0.0
3276,13693,0.0
3277,13694,0.0
3278,13695,26.92
3279,13696,100.0
3280,13697,0.0
3281,13698,0.0
3282,13699,50.0
3283,13701,0.0
3284,13702,0.0
3285,13707,0.0
3286,13708,0.0
3287,13709,0.0
3288,13710,0.0
3289,13711,33.33
3290,13712,0.0
3291,13713,0.0
3292,13714,0.0
3293,13716,0.0
3294,13719,0.0
3295,13720,0.0
3296,13722,62.5
3297,13723,0.0
3298,13724,0.0
3299,13725,0.0
3300,13728,0.0
3301,13729,0.0
3302,13731,0.0
3303,13733,0.0
3304,13735,0.0
3305,13737,0.0
3306,13739,0.0
3307,13743,0.0
3308,13744,0.0
3309,13745,0.0
3310,13748,0.0
3311,13749,0.0
3312,13756,0.0
3313,13757,0.0
3314,13758,0.0
3315,13759,0.0
3316,13765,0.0
3317,13767,0.0
3318,13771,0.0
3319,13772,0.0
3320,13773,0.0
3321,13775,0.0
3322,13778,0.0
3323,13780,100.0
3324,13782,100.0
3325,13783,0.0
3326,13784,0.0
3327,13785,0.0
3328,13786,0.0
3329,13787,0.0
3330,13789,0.0
3331,13790,25.0
3332,13796,0.0
3333,13797,0.0
3334,13798,0.0
3335,13799,44.44
3336,13801,0.0
3337,13802,40.56
3338,13803,0.0
3339,13804,14.29
3340,13805,0.0
3341,13806,0.0
3342,13807,0.0
3343,13808,0.0
3344,13809,34.78
3345,13810,0.0
3346,13812,100.0
3347,13816,0.0
3348,13819,0.0
3349,13822,0.0
3350,13828,0.0
3351,13829,0.0
3352,13833,5.56
3353,13834,17.39
3354,13840,0.0
3355,13842,0.0
3356,13845,80.0
3357,13846,100.0
3358,13847,0.0
3359,13848,100.0
3360,13849,0.0
3361,13850,0.0
3362,13852,100.0
3363,13857,0.0
3364,13858,100.0
3365,13860,0.0
3366,13861,0.0
3367,13862,100.0
3368,13869,100.0
3369,13873,0.0
3370,13883,0.0
3371,13887,0.0
3372,13888,0.0
3373,13889,0.0
3374,13890,0.0
3375,13892,33.33
3376,13893,0.0
3377,13895,0.0
3378,13896,0.0
3379,13897,0.0
3380,13899,0.0
3381,13900,0.0
3382,13903,0.0
3383,13905,100.0
3384,13908,0.0
3385,13909,0.0
3386,13911,0.0
3387,13914,100.0
3388,13915,0.0
3389,13923,0.0
3390,13924,100.0
3391,13925,0.0
3392,13926,0.0
3393,13934,33.33
3394,13937,0.0
3395,13938,0.0
3396,13939,0.0
3397,13940,0.0
3398,13941,0.0
3399,13946,100.0
3400,13947,0.0
3401,13953,0.0
3402,13956,0.0
3403,13959,100.0
3404,13960,0.0
3405,13966,0.0
3406,13968,0.0
3407,13971,0.0
3408,13975,0.0
3409,13976,1.85
3410,13977,0.0
3411,13982,0.0
3412,13985,0.0
3413,13988,0.0
3414,13995,0.0
3415,13996,0.0
3416,13999,0.0
3417,14000,0.0
3418,14005,33.33
3419,14008,0.0
3420,14009,0.0
3421,14010,11.11
3422,14011,0.0
3423,14012,0.0
3424,14017,0.0
3425,14019,0.0
3426,14022,0.0
3427,14023,0.0
3428,14024,0.0
3429,14026,0.0
3430,14027,0.0
3431,14028,0.0
3432,14029,0.0
3433,14031,100.0
3434,14032,0.0
3435,14035,0.0
3436,14036,0.0
3437,14038,0.0
3438,14041,0.0
3439,14042,0.0
3440,14046,0.0
3441,14048,0.0
3442,14050,0.0
3443,14051,0.0
3444,14053,43.75
3445,14056,0.0
3446,14057,0.0
3447,14058,0.0
3448,14059,0.0
3449,14065,0.0
3450,14066,0.0
3451,14070,0.0
3452,14074,0.0
3453,14075,0.0
3454,14076,0.0
3455,14077,0.0
3456,14078,0.0
3457,14079,66.67
3458,14080,0.0
3459,14085,0.0
3460,14089,0.0
3461,14090,0.0
3462,14091,0.0
3463,14092,0.0
3464,14093,0.0
3465,14094,0.0
3466,14099,100.0
3467,14100,0.0
3468,14101,0.0
3469,14103,0.0
3470,14104,0.0
3471,14105,0.0
3472,14109,0.0
3473,14111,0.0
3474,14113,0.0
3475,14114,0.0
3476,14115,0.0
3477,14116,0.0
3478,14117,0.0
3479,14118,0.0
3480,14119,0.0
3481,14120,0.0
3482,14121,0.0
3483,14123,0.0
3484,14124,0.0
3485,14125,0.0
3486,14129,0.0
3487,14130,0.0
3488,14133,0.0
3489,14135,0.0
3490,14136,0.0
3491,14142,0.0
3492,14143,0.0
3493,14144,0.0
3494,14145,0.0
3495,14146,0.0
3496,14148,0.0
3497,14150,0.0
3498,14151,0.0
3499,14152,0.0
3500,14158,0.0
3501,14159,0.0
3502,14161,0.0
3503,14162,0.0
3504,14166,0.0
3505,14169,0.0
3506,14170,0.0
3507,14172,0.0
3508,14175,0.0
3509,14176,0.0
3510,14177,0.0
3511,14178,0.0
3512,14180,0.0
3513,14181,0.0
3514,14182,0.0
3515,14184,0.0
3516,14188,0.0
3517,14189,0.0
3518,14192,0.0
3519,14193,0.0
3520,14194,0.0
3521,14195,100.0
3522,14199,0.0
3523,14201,0.0
3524,14202,50.0
3525,14206,0.0
3526,14207,0.0
3527,14209,0.0
3528,14211,0.0
3529,14215,33.33
3530,14217,0.0
3531,14218,0.0
3532,14219,0.0
3533,14220,0.0
3534,14222,0.0
3535,14225,0.0
3536,14226,0.0
3537,14227,0.0
3538,14228,0.0
3539,14229,0.0
3540,14232,0.0
3541,14233,0.0
3542,14234,0.0
3543,14237,0.0
3544,14238,0.0
3545,14240,0.0
3546,14243,0.0
3547,14244,0.0
3548,14245,0.0
3549,14246,0.0
3550,14250,0.0
3551,14251,0.0
3552,14252,0.0
3553,14260,0.0
3554,14262,0.0
3555,14267,0.0
3556,14268,0.0
3557,14269,0.0
3558,14272,0.0
3559,14274,0.0
3560,14275,0.0
3561,14276,0.0
3562,14280,0.0
3563,14281,0.0
3564,14284,0.0
3565,14285,0.0
3566,14287,0.0
3567,14288,0.0
3568,14290,0.0
3569,14293,0.0
3570,14294,100.0
3571,14298,0.0
3572,14307,0.0
3573,14311,0.0
3574,14312,0.0
3575,14313,0.0
3576,14315,0.0
3577,14337,0.0
3578,14338,0.0
3579,14339,0.0
3580,14341,0.0
3581,14342,0.0
3582,14347,0.0
3583,14349,0.0
3584,14352,0.0
3585,14354,0.0
3586,14355,0.0
3587,14357,0.0
3588,14360,0.0
3589,14361,0.0
3590,14362,0.0
3591,14365,0.0
3592,14366,0.0
3593,14368,0.0
3594,14370,0.0
3595,14371,50.0
3596,14372,0.0
3597,14373,0.0
3598,14375,0.0
3599,14379,0.0
3600,14381,0.0
3601,14383,0.0
3602,14385,0.0
3603,14392,0.0
3604,14393,0.0
3605,14394,0.0
3606,14395,0.0
3607,14396,0.0
3608,14397,0.0
3609,14399,0.0
3610,14401,0.0
3611,14403,0.0
3612,14404,0.0
3613,14405,0.0
3614,14406,0.0
3615,14408,0.0
3616,14413,0.0
3617,14414,0.0
3618,14415,0.0
3619,14416,0.0
3620,14417,0.0
3621,14418,0.0
3622,14419,0.0
3623,14420,0.0
3624,14422,0.0
3625,14423,0.0
3626,14427,0.0
3627,14429,0.0
3628,14430,0.0
3629,14432,0.0
3630,14433,0.0
3631,14437,0.0
3632,14438,0.0
3633,14452,0.0
3634,14454,0.0
3635,14456,0.0
3636,14458,100.0
3637,14459,0.0
3638,14460,0.0
3639,14461,0.0
3640,14462,0.0
3641,14463,58.33
3642,14466,66.67
3643,14469,0.0
3644,14470,0.0
3645,14471,0.0
3646,14474,0.0
3647,14476,0.0
3648,14479,0.0
3649,14482,0.0
3650,14483,0.0
3651,14484,0.0
3652,14486,0.0
3653,14489,0.0
3654,14490,0.0
3655,14491,0.0
3656,14492,0.0
3657,14493,0.0
3658,14494,0.0
3659,14499,0.0
3660,14501,0.0
3661,14502,0.0
3662,14503,0.0
3663,14504,0.0
3664,14506,0.0
3665,14507,0.0
3666,14509,0.0
3667,14514,0.0
3668,14515,0.0
3669,14516,0.0
3670,14517,38.1
3671,14518,0.0
3672,14521,0.0
3673,14522,0.0
3674,14523,0.0
3675,14524,0.0
3676,14525,0.0
3677,14527,0.0
3678,14529,0.0
3679,14530,0.0
3680,14531,0.0
3681,14533,0.0
3682,14535,0.0
3683,14536,0.0
3684,14537,0.0
3685,14538,0.0
3686,14539,0.0
3687,14540,0.0
3688,14541,0.0
3689,14542,0.0
3690,14544,0.0
3691,14545,0.0
3692,14548,0.0
3693,14549,0.0
3694,14551,0.0
3695,14553,0.0
3696,14554,0.0
3697,14555,0.0
3698,14557,0.0
3699,14559,0.0
3700,14561,0.0
3701,14564,0.0
3702,14567,0.0
3703,14568,0.0
3704,14570,100.0
3705,14574,0.0
3706,14576,0.0
3707,14578,0.0
3708,14582,0.0
3709,14585,0.0
3710,14586,66.67
3711,14588,100.0
3712,14589,100.0
3713,14592,0.0
3714,14594,0.0
3715,14599,0.0
3716,14601,0.0
3717,14602,0.0
3718,14604,0.0
3719,14605,0.0
3720,14609,0.0
3721,14610,0.0
3722,14611,0.0
3723,14618,0.0
3724,14619,0.0
3725,14623,0.0
3726,14626,0.0
3727,14630,0.0
3728,14631,0.0
3729,14633,0.0
3730,14634,0.0
3731,14639,0.0
3732,14640,0.0
3733,14642,0.0
3734,14644,0.0
3735,14646,0.0
3736,14648,0.0
3737,14651,0.0
3738,14652,0.0
3739,14653,0.0
3740,14654,0.0
3741,14656,0.0
3742,14657,0.0
3743,14658,0.0
3744,14659,0.0
3745,14660,0.0
3746,14662,0.0
3747,14663,0.0
3748,14664,22.22
3749,14666,0.0
3750,14667,0.0
3751,14668,0.0
3752,14673,0.0
3753,14674,0.0
3754,14685,27.27
3755,14693,0.0
3756,14694,0.0
3757,14695,0.0
3758,14696,0.0
3759,14702,0.0
3760,14706,0.0
3761,14707,0.0
3762,14708,0.0
3763,14710,0.0
3764,14712,0.0
3765,14716,100.0
3766,14717,80.0
3767,14719,0.0
3768,14720,0.0
3769,14721,0.0
3770,14722,0.0
3771,14723,0.0
3772,14724,0.0
3773,14725,0.0
3774,14728,0.0
3775,14729,0.0
3776,14730,0.0
3777,14731,0.0
3778,14732,0.0
3779,14736,0.0
3780,14737,0.0
3781,14740,0.0
3782,14743,0.0
3783,14744,0.0
3784,14749,0.0
3785,14751,0.0
3786,14756,0.0
3787,14757,0.0
3788,14758,0.0
3789,14760,0.0
3790,14761,0.0
3791,14764,0.0
3792,14765,37.5
3793,14767,0.0
3794,14768,0.0
3795,14769,100.0
3796,14771,0.0
3797,14774,0.0
3798,14775,0.0
3799,14776,0.0
3800,14777,38.46
3801,14778,0.0
3802,14779,0.0
3803,14780,0.0
3804,14782,0.0
3805,14783,0.0
3806,14784,0.0
3807,14793,0.0
3808,14794,0.0
3809,14796,0.0
3810,14797,0.0
3811,14800,0.0
3812,14801,40.0
3813,14802,0.0
3814,14803,0.0
3815,14805,0.0
3816,14819,0.0
3817,14821,0.0
3818,14824,0.0
3819,14828,0.0
3820,14830,0.0
3821,14832,0.0
3822,14833,0.0
3823,14835,0.0
3824,14837,0.0
3825,14838,0.0
3826,14840,0.0
3827,14841,0.0
3828,14842,0.0
3829,14847,0.0
3830,14848,0.0
3831,14849,0.0
3832,14850,0.0
3833,14851,0.0
3834,14852,0.0
3835,14853,0.0
3836,14856,0.0
3837,14857,0.0
3838,14858,0.0
3839,14861,0.0
3840,14863,0.0
3841,14868,0.0
3842,14869,0.0
3843,14870,30.0
3844,14876,0.0
3845,14878,0.0
3846,14880,0.0
3847,14882,0.0
3848,14883,16.67
3849,14889,0.0
3850,14891,0.0
3851,14892,0.0
3852,14894,0.0
3853,14895,0.0
3854,14898,0.0
3855,14899,0.0
3856,14904,0.0
3857,14905,50.0
3858,14906,0.0
3859,14907,33.33
3860,14908,14.29
3861,14909,0.0
3862,14910,0.0
3863,14911,0.0
3864,14912,0.0
3865,14913,0.0
3866,14915,0.0
3867,14916,0.0
3868,14919,0.0
3869,14920,0.0
3870,14924,0.0
3871,14925,0.0
3872,14926,0.0
3873,14927,0.0
3874,14928,0.0
3875,14929,0.0
3876,14930,0.0
3877,14932,0.0
3878,14933,0.0
3879,14934,0.0
3880,14937,0.0
3881,14939,0.0
3882,14941,100.0
3883,14944,0.0
3884,14946,0.0
3885,14947,0.0
3886,14949,0.0
3887,14950,0.0
3888,14951,0.0
3889,14953,0.0
3890,14962,0.0
3891,14965,0.0
3892,14967,0.0
3893,14968,0.0
3894,14970,0.0
3895,14971,50.0
3896,14972,70.0
3897,14973,0.0
3898,14974,0.0
3899,14976,0.0
3900,14977,0.0
3901,14978,0.0
3902,14980,0.0
3903,14981,0.0
3904,14986,0.0
3905,14987,0.0
3906,14988,0.0
3907,14989,0.0
3908,14990,0.0
3909,14991,0.0
3910,14996,0.0
3911,14997,0.0
3912,14999,0.0
3913,15000,0.0
3914,15001,0.0
3915,15012,0.0
3916,15016,0.0
3917,15017,0.0
3918,15018,0.0
3919,15020,0.0
3920,15021,0.0
3921,15022,0.0
3922,15023,0.0
3923,15026,0.0
3924,15028,0.0
3925,15030,0.0
3926,15034,25.0
3927,15035,0.0
3928,15039,0.0
3929,15040,0.0
3930,15042,0.0
3931,15044,0.0
3932,15050,0.0
3933,15064,0.0
3934,15066,0.0
3935,15067,0.0
3936,15068,0.0
3937,15069,0.0
3938,15070,0.0
3939,15071,0.0
3940,15072,0.0
3941,15073,0.0
3942,15074,0.0
3943,15075,0.0
3944,15076,0.0
3945,15077,0.0
3946,15078,0.0
3947,15079,0.0
3948,15080,0.0
3949,15087,0.0
3950,15088,0.0
3951,15090,0.0
3952,15091,0.0
3953,15093,0.0
3954,15094,0.0
3955,15096,0.0
3956,15098,0.0
3957,15100,0.0
3958,15105,0.0
3959,15109,25.0
3960,15110,0.0
3961,15117,0.0
3962,15118,0.0
3963,15119,0.0
3964,15120,0.0
3965,15121,0.0
3966,15122,0.0
3967,15123,0.0
3968,15124,0.0
3969,15127,0.0
3970,15128,21.35
3971,15133,0.0
3972,15135,0.0
3973,15136,0.0
3974,15139,0.0
3975,15141,0.0
3976,15144,0.0
3977,15145,0.0
3978,15146,62.5
3979,15149,50.0
3980,15154,100.0
3981,15157,0.0
3982,15158,0.0
3983,15164,0.0
3984,15166,0.0
3985,15170,0.0
3986,15171,0.0
3987,15174,0.0
3988,15175,0.0
3989,15178,0.0
3990,15179,0.0
3991,15181,0.0
3992,15182,0.0
3993,15183,0.0
3994,15184,0.0
3995,15186,0.0
3996,15187,10.0
3997,15188,0.0
3998,15189,0.0
3999,15191,0.0
4000,15192,0.0
4001,15194,0.0
4002,15197,0.0
4003,15199,0.0
4004,15200,0.0
4005,15201,0.0
4006,15204,0.0
4007,15206,0.0
4008,15207,0.0
4009,15208,0.0
4010,15209,0.0
4011,15214,0.0
4012,15221,0.0
4013,15223,44.44
4014,15224,0.0
4015,15225,0.0
4016,15227,0.0
4017,15228,0.0
4018,15238,0.0
4019,15239,0.0
4020,15240,0.0
4021,15249,0.0
